{"score": 12, "recent_scores": [0.0005805623702851828, 0.0009994702361472412, 0.0018950720305524315, 0.050787250819205806, 0.0510249084401418, 0.05127803848473613, 0.10245126695055093, 0.10423676214322355, 0.10357363721323082, 0.10306640843917075], "alert_count": 85, "debt_ceiling_days": 178}