{"score": 6, "recent_scores": [0.0025931569359327173, 0.05409954036226903, 0.002964717126367431, 0.002762547218625263, 0.002471751052182741, 0.05310447570064932, 0.05485363236882356, 0.05736059349171781, 0.05683754101425498, 0.05712211951615471], "alert_count": 98, "debt_ceiling_days": 176}