{"score": 0, "recent_scores": [0.10355681851852173, 0.0032103045539965047, NaN, 0.0013199040145674668, 0.0012451053199223044, 0.0011925170353240114], "alert_count": 5}