{"score": 0, "recent_scores": [0.0006247495623405375, 0.0006803274217509861, 0.0006553135481888811, 0.0006010361458425051, 0.0007085030533945742, 0.05073282509065111, 0.05081723751800494, NaN, NaN, 0.0007375982770880684], "alert_count": 31}