{"score": 0, "recent_scores": [0.05085516045822867, 0.050909380098426035, NaN, NaN, 0.0007968970392237694, 0.0005720045976961315, 0.0006479025889756296, 0.0008274861781629944, 0.0005362248904140224, 0.000847279668844831], "alert_count": 65}