{"score": 0, "recent_scores": [0.050284145054477036, 0.05035677550110298, 0.05027697165579561, 0.05061789626981695, NaN, NaN, 0.05187769229270713, 0.0034690751040962874, 0.002805591606064145, 0.001956148458915846], "alert_count": 49}