{"score": 0, "recent_scores": [0.10355681851852173, 0.0032103045539965047], "alert_count": 1}