{"score": 0, "recent_scores": [NaN, NaN, 0.05187769229270713, 0.0034690751040962874, 0.002805591606064145, 0.001956148458915846, 0.0022717479860301904, 0.002052830650908548, 0.0017528293547589835, 0.0015233883388893945], "alert_count": 53}