{"score": 0, "recent_scores": [NaN, NaN, 0.0004787866279562343, 0.00023945621956675115, 0.00039990381314336727, 0.0004536631682315812, 0.0003929920600774546, 0.00044995312786360784, 0.00039084895705581227, 0.0006258569774488565], "alert_count": 21}