{"score": 0, "recent_scores": [0.0510249084401418, 0.05127803848473613, 0.10245126695055093, 0.10423676214322355, 0.10357363721323082, 0.10306640843917075, 0.05097752458384464, 0.05103094035344858, 0.0011885863414528878, 0.0025931569359327173], "alert_count": 89, "debt_ceiling_days": 177}