{"score": 0, "recent_scores": [0.056591997079678824, 0.057245260084458335, 0.004963690956477046, 0.004929071158465431, 0.002476387473078899, 0.002012635724752849, 0.002106309501813554, 0.0018177807389108333, 0.001859551191744045, 0.0017786488266154853], "alert_count": 109, "debt_ceiling_days": 175}