{"score": 0, "recent_scores": [0.0015233883388893945, 0.001559431692770812, 0.051240020213976986, 0.05085516045822867, 0.050909380098426035, NaN, NaN, 0.0007968970392237694, 0.0005720045976961315, 0.0006479025889756296], "alert_count": 62}