{"score": 0, "recent_scores": [0.05736059349171781, 0.05683754101425498, 0.05712211951615471, 0.057550450788694786, 0.056591997079678824, 0.057245260084458335, 0.004963690956477046, 0.004929071158465431, 0.002476387473078899, 0.002012635724752849], "alert_count": 105, "debt_ceiling_days": 175}