{"score": 0, "recent_scores": [0.0005362248904140224, 0.000847279668844831, 0.0005826014819494715, 0.0004862172219039558, 0.0005514925148096223, 0.0008485947984191468, 0.0009773263753668996, 0.0009773301988613666, 0.0018510187881076157, 0.001783573833187917], "alert_count": 73, "debt_ceiling_days": 179}