{"score": 0, "recent_scores": [0.0005720045976961315, 0.0006479025889756296, 0.0008274861781629944, 0.0005362248904140224, 0.000847279668844831, 0.0005826014819494715, 0.0004862172219039558, 0.0005514925148096223, 0.0008485947984191468, 0.0009773263753668996], "alert_count": 70}