{"score": 6, "recent_scores": [0.002762547218625263, 0.002471751052182741, 0.05310447570064932, 0.05485363236882356, 0.05736059349171781, 0.05683754101425498, 0.05712211951615471, 0.057550450788694786, 0.056591997079678824, 0.057245260084458335], "alert_count": 101, "debt_ceiling_days": 176}