{"score": 0, "recent_scores": [0.10423676214322355, 0.10357363721323082, 0.10306640843917075, 0.05097752458384464, 0.05103094035344858, 0.0011885863414528878, 0.0025931569359327173, 0.05409954036226903, 0.002964717126367431, 0.002762547218625263], "alert_count": 92, "debt_ceiling_days": 177}