{"score": 5, "recent_scores": [0.0009773301988613666, 0.0018510187881076157, 0.001783573833187917, 0.002258659112134026, 0.001019861311798693, 0.0005805623702851828, 0.0009994702361472412, 0.0018950720305524315, 0.050787250819205806, 0.0510249084401418], "alert_count": 80, "debt_ceiling_days": 178}