{"score": 0, "recent_scores": [0.0022717479860301904, 0.002052830650908548, 0.0017528293547589835, 0.0015233883388893945, 0.001559431692770812, 0.051240020213976986, 0.05085516045822867, 0.050909380098426035, NaN, NaN], "alert_count": 59}