{"score": 0, "recent_scores": [0.0005514925148096223, 0.0008485947984191468, 0.0009773263753668996, 0.0009773301988613666, 0.0018510187881076157, 0.001783573833187917, 0.002258659112134026, 0.001019861311798693, 0.0005805623702851828, 0.0009994702361472412], "alert_count": 77, "debt_ceiling_days": 179}