{"score": 5, "recent_scores": [0.0005083738371710805, 0.0003399546266138369, 0.0005472198707921856, 0.05075679810649691, 0.05095448273057702, 0.050810161552521806, 0.0006394122639666094, 0.05058823879584685, 0.050284145054477036, 0.05035677550110298], "alert_count": 41}