{"score": 0, "recent_scores": [NaN, 0.0013199040145674668, 0.0012451053199223044, 0.0011925170353240114, 0.0012020208062820945, 0.0013182067032253015, 0.0013209743514242724, 0.001236788932035211, 0.001203739628798419, 0.0010759109704179327], "alert_count": 11}