{"score": 5, "recent_scores": [0.0018950720305524315, 0.050787250819205806, 0.0510249084401418, 0.05127803848473613, 0.10245126695055093, 0.10423676214322355, 0.10357363721323082, 0.10306640843917075, 0.05097752458384464, 0.05103094035344858], "alert_count": 87, "debt_ceiling_days": 177}