{"score": 6, "recent_scores": [0.10306640843917075, 0.05097752458384464, 0.05103094035344858, 0.0011885863414528878, 0.0025931569359327173, 0.05409954036226903, 0.002964717126367431, 0.002762547218625263, 0.002471751052182741, 0.05310447570064932], "alert_count": 94, "debt_ceiling_days": 176}