{"score": 0, "recent_scores": [0.0006553135481888811, 0.0006010361458425051, 0.0007085030533945742, 0.05073282509065111, 0.05081723751800494, NaN, NaN, 0.0007375982770880684, 0.0005083738371710805, 0.0003399546266138369], "alert_count": 33}