{"score": 0, "recent_scores": [0.00023945621956675115, 0.00039990381314336727, 0.0004536631682315812, 0.0003929920600774546, 0.00044995312786360784, 0.00039084895705581227, 0.0006258569774488565, 0.0006247495623405375, 0.0006803274217509861, 0.0006553135481888811], "alert_count": 24}