{"score": 5, "recent_scores": [0.05081723751800494, NaN, NaN, 0.0007375982770880684, 0.0005083738371710805, 0.0003399546266138369, 0.0005472198707921856, 0.05075679810649691, 0.05095448273057702, 0.050810161552521806], "alert_count": 37}