{"score": 0, "recent_scores": [0.0013182067032253015, 0.0013209743514242724, 0.001236788932035211, 0.001203739628798419, 0.0010759109704179327, NaN, NaN, 0.0004787866279562343, 0.00023945621956675115, 0.00039990381314336727], "alert_count": 16}