{
    "signal": "HOLD",
    "last_action": null,
    "last_action_time": null,
    "recent_scores": [
        0.3556819013846612,
        0.35568131658785707,
        0.35568158498977037,
        0.2857934463983854,
        0.285793507197335,
        0.12324608507476716,
        0.12376654248072491,
        0.12394042345949129,
        0.12376654309518637,
        0.12394032523942529,
        0.12411378036344668,
        0.12463441339974893,
        0.12463437358903065
    ],
    "composite_pct": 17,
    "reason": "Composite 17%, no clear signal",
    "vol_score": 0.05,
    "credit_score": 0.3,
    "options_score": 0.0,
    "spike_score": 0.23,
    "accel_score": 0.33,
    "drawdown_alert": false,
    "vix_spike_alert": false
}