{
    "signal": "HOLD",
    "last_action": null,
    "last_action_time": null,
    "recent_scores": [
        0.13744778717738432,
        0.13694387225478377,
        0.14046114609485932,
        0.1404613690721709,
        0.15152151396323926,
        0.15157746759764812,
        0.2063882569449461,
        0.20638849456279243,
        0.19421871848408595,
        0.19421873657173983,
        0.3090272578902034,
        0.3089635434026451,
        0.1661560492821968,
        0.1669122284972917,
        0.17398476981869282,
        0.17398458309924092,
        0.28537164915314034,
        0.28641407980607764,
        0.2536697378176655,
        0.25370887069811454
    ],
    "composite_pct": 30,
    "reason": "Composite 30% - Q4 earnings season",
    "vol_score": 0.06,
    "credit_score": 0.21,
    "options_score": 0.0,
    "spike_score": 0.31,
    "accel_score": 0.33,
    "drawdown_alert": false,
    "vix_spike_alert": false,
    "put_call_score": 0.17,
    "spread_score": 0.16,
    "breadth_score": 0.44,
    "dollar_score": 0.56,
    "curve_score": 0.18,
    "debt_stress": 0.08,
    "treasury_stress": 0.49,
    "budget_risk": 0.0,
    "congressional_risk": 0.0,
    "earnings_risk": 0.68,
    "debt_ceiling_alert": false,
    "congressional_alert": false,
    "earnings_alert": true,
    "days_to_debt_ceiling": 177,
    "budget_details": "No major fiscal deadlines",
    "earnings_details": "Q4 earnings season",
    "news_risk": 0.0,
    "news_severity": "NO_DATA",
    "news_events": [],
    "used_ai": false,
    "news_crisis_alert": false,
    "news_details": "No news data available"
}