{
    "signal": "HOLD",
    "last_action": null,
    "last_action_time": null,
    "recent_scores": [
        0.3556819013846612,
        0.35568131658785707,
        0.35568158498977037,
        0.2857934463983854,
        0.285793507197335,
        0.12324608507476716,
        0.12376654248072491,
        0.12394042345949129,
        0.12376654309518637,
        0.12394032523942529,
        0.12411378036344668,
        0.12463441339974893,
        0.12463437358903065,
        0.2558183163972781,
        0.25581837170281835,
        0.16877304068253482,
        0.16874338857222135,
        0.1541283002279161,
        0.1543206312431287
    ],
    "composite_pct": 20,
    "reason": "Composite 20%, no clear signal",
    "vol_score": 0.06,
    "credit_score": 0.14,
    "options_score": 0.0,
    "spike_score": 0.09,
    "accel_score": 0.33,
    "drawdown_alert": false,
    "vix_spike_alert": false,
    "put_call_score": 0.05,
    "spread_score": 0.05,
    "breadth_score": 0.41,
    "dollar_score": 0.86,
    "curve_score": 0.18
}