{
    "signal": "HOLD",
    "last_action": null,
    "last_action_time": null,
    "recent_scores": [
        0.3556819013846612,
        0.35568131658785707,
        0.35568158498977037
    ],
    "composite_pct": 43
}