{
    "signal": "HOLD",
    "last_action": null,
    "last_action_time": null,
    "recent_scores": [
        0.12324608507476716,
        0.12376654248072491,
        0.12394042345949129,
        0.12376654309518637,
        0.12394032523942529,
        0.12411378036344668,
        0.12463441339974893,
        0.12463437358903065,
        0.2558183163972781,
        0.25581837170281835,
        0.16877304068253482,
        0.16874338857222135,
        0.1541283002279161,
        0.1543206312431287,
        0.13744778717738432,
        0.13694387225478377,
        0.14046114609485932,
        0.1404613690721709,
        0.15152151396323926,
        0.15157746759764812
    ],
    "composite_pct": 20,
    "reason": "Composite 20%, no clear signal",
    "vol_score": 0.27,
    "credit_score": 0.17,
    "options_score": 0.0,
    "spike_score": 0.34,
    "accel_score": 0.33,
    "drawdown_alert": false,
    "vix_spike_alert": false,
    "put_call_score": 0.02,
    "spread_score": 0.06,
    "breadth_score": 0.06,
    "dollar_score": 0.28,
    "curve_score": 0.11
}