{
    "signal": "HOLD (sell cooldown)",
    "last_action": "SELL",
    "last_action_time": "2026-02-05T17:40:58.723306+00:00",
    "recent_scores": [
        0.3090272578902034,
        0.3089635434026451,
        0.1661560492821968,
        0.1669122284972917,
        0.17398476981869282,
        0.17398458309924092,
        0.28537164915314034,
        0.28641407980607764,
        0.2536697378176655,
        0.25370887069811454,
        0.4027806676039322,
        0.4035330278297967,
        0.3185679068281314,
        0.3185681787321717,
        0.6239458856125122,
        0.6227147991351412,
        0.31690140835197056,
        0.31601766121874525,
        0.49631969944419896,
        0.550409999616627
    ],
    "composite_pct": 60,
    "reason": "Earnings volatility but in cooldown",
    "vol_score": 0.32,
    "credit_score": 0.43,
    "options_score": 0.96,
    "spike_score": 0.44,
    "accel_score": 0.33,
    "drawdown_alert": false,
    "vix_spike_alert": false,
    "put_call_score": 0.77,
    "spread_score": 0.4,
    "breadth_score": 0.68,
    "dollar_score": 0.32,
    "curve_score": 0.01,
    "debt_stress": 0.21,
    "treasury_stress": 0.14,
    "budget_risk": 0.0,
    "congressional_risk": 0.0,
    "earnings_risk": 0.79,
    "debt_ceiling_alert": false,
    "congressional_alert": false,
    "earnings_alert": true,
    "days_to_debt_ceiling": 174,
    "budget_details": "No major fiscal deadlines",
    "earnings_details": "Q4 earnings season",
    "news_risk": 0.0,
    "news_severity": "NO_DATA",
    "news_events": [],
    "used_ai": false,
    "news_crisis_alert": false,
    "news_details": "No news data available",
    "base_composite_pct": 57,
    "smoothed_composite_pct": 55,
    "cooldown_overridden": false
}