{
    "signal": "HOLD (sell cooldown)",
    "last_action": "SELL",
    "last_action_time": "2026-02-05T17:40:58.723306+00:00",
    "recent_scores": [
        0.2063882569449461,
        0.20638849456279243,
        0.19421871848408595,
        0.19421873657173983,
        0.3090272578902034,
        0.3089635434026451,
        0.1661560492821968,
        0.1669122284972917,
        0.17398476981869282,
        0.17398458309924092,
        0.28537164915314034,
        0.28641407980607764,
        0.2536697378176655,
        0.25370887069811454,
        0.4027806676039322,
        0.4035330278297967,
        0.3185679068281314,
        0.3185681787321717,
        0.6239458856125122,
        0.6227147991351412
    ],
    "composite_pct": 67,
    "reason": "VIX spike but in cooldown",
    "vol_score": 0.63,
    "credit_score": 0.75,
    "options_score": 0.51,
    "spike_score": 0.78,
    "accel_score": 0.33,
    "drawdown_alert": false,
    "vix_spike_alert": true,
    "put_call_score": 0.46,
    "spread_score": 0.79,
    "breadth_score": 0.02,
    "dollar_score": 0.67,
    "curve_score": 0.54,
    "debt_stress": 0.71,
    "treasury_stress": 0.24,
    "budget_risk": 0.0,
    "congressional_risk": 0.0,
    "earnings_risk": 0.72,
    "debt_ceiling_alert": false,
    "congressional_alert": false,
    "earnings_alert": true,
    "days_to_debt_ceiling": 176,
    "budget_details": "No major fiscal deadlines",
    "earnings_details": "Q4 earnings season",
    "news_risk": 0.0,
    "news_severity": "NO_DATA",
    "news_events": [],
    "used_ai": false,
    "news_crisis_alert": false,
    "news_details": "No news data available"
}