{
    "signal": "HOLD",
    "last_action": null,
    "last_action_time": null,
    "recent_scores": [
        0.12463441339974893,
        0.12463437358903065,
        0.2558183163972781,
        0.25581837170281835,
        0.16877304068253482,
        0.16874338857222135,
        0.1541283002279161,
        0.1543206312431287,
        0.13744778717738432,
        0.13694387225478377,
        0.14046114609485932,
        0.1404613690721709,
        0.15152151396323926,
        0.15157746759764812,
        0.2063882569449461,
        0.20638849456279243,
        0.19421871848408595,
        0.19421873657173983,
        0.3090272578902034,
        0.3089635434026451
    ],
    "composite_pct": 35,
    "reason": "Composite 35% - Q4 earnings season",
    "vol_score": 0.43,
    "credit_score": 0.21,
    "options_score": 0.0,
    "spike_score": 0.54,
    "accel_score": 0.33,
    "drawdown_alert": false,
    "vix_spike_alert": false,
    "put_call_score": 0.08,
    "spread_score": 0.29,
    "breadth_score": 0.54,
    "dollar_score": 0.12,
    "curve_score": 0.25,
    "debt_stress": 0.39,
    "treasury_stress": 0.52,
    "budget_risk": 0.0,
    "congressional_risk": 0.16,
    "earnings_risk": 0.56,
    "debt_ceiling_alert": false,
    "congressional_alert": false,
    "earnings_alert": true,
    "days_to_debt_ceiling": 179,
    "budget_details": "No major fiscal deadlines",
    "earnings_details": "Q4 earnings season",
    "news_risk": 0.0,
    "news_severity": "NO_DATA",
    "news_events": [],
    "used_ai": false,
    "news_crisis_alert": false,
    "news_details": "No news data available"
}