{"red": 0, "yellow": 6, "drawdown": false, "debt_ceiling_days": 179, "scores": {"Volatility expansion": 0.43244211732102594, "Options hedging stress": 0.0, "Credit stress": 0.20951016662094013, "Cross-asset confirmation": 0.0, "Volatility compression": 0.23413905860662743, "Credit complacency": 0.36865392526455293, "Breadth divergence": 0.5373983399609835, "Put/Call ratio": 0.07770485679126136, "Credit spread (HY-IG)": 0.28802183465471287, "Market breadth": 0.5373983399609835, "Dollar strength": 0.11917460731663121, "Yield curve inversion": 0.24950354899647198, "Debt ceiling stress": 0.39048949581025744, "Treasury volatility": 0.5195080712844153, "Budget vote risk": 0.0}}