{"red": 1, "yellow": 3, "drawdown": false, "debt_ceiling_days": 178, "scores": {"Volatility expansion": 0.21151785934103293, "Options hedging stress": 0.20741459299759382, "Credit stress": 0.260290905791419, "Cross-asset confirmation": 1.0, "Volatility compression": 0.14658328945716778, "Credit complacency": 0.35844354560477837, "Breadth divergence": 0.15275687252078587, "Put/Call ratio": 0.21680259052347692, "Credit spread (HY-IG)": 0.17551323998221843, "Market breadth": 0.15102147356063664, "Dollar strength": 0.5927941593992405, "Yield curve inversion": 0.043393421591714686, "Debt ceiling stress": 0.10872656061524343, "Treasury volatility": 0.48708995484851253, "Budget vote risk": 0.0}}