{"red": 2, "yellow": 2, "drawdown": false, "debt_ceiling_days": 178, "scores": {"Volatility expansion": 0.11811215921660963, "Options hedging stress": 0.0, "Credit stress": 0.09995574609287568, "Cross-asset confirmation": 0.0, "Volatility compression": 0.09367603499802125, "Credit complacency": 0.3632438504186692, "Breadth divergence": 0.17315772475410388, "Put/Call ratio": 0.0658728583909636, "Credit spread (HY-IG)": 0.0328140099343023, "Market breadth": 0.17315772475410388, "Dollar strength": 0.6989310258420058, "Yield curve inversion": 0.2874412918989674, "Debt ceiling stress": 0.4031028188738019, "Treasury volatility": 0.7135575093015437, "Budget vote risk": 0.0}}