{"red": 0, "yellow": 6, "drawdown": false, "debt_ceiling_days": 177, "scores": {"Volatility expansion": 0.05939779828397038, "Options hedging stress": 0.0, "Credit stress": 0.2143214223084409, "Cross-asset confirmation": 0.5, "Volatility compression": 0.10572626455163005, "Credit complacency": 0.35691854686512764, "Breadth divergence": 0.4438758303804784, "Put/Call ratio": 0.1725922498654668, "Credit spread (HY-IG)": 0.15804730455203533, "Market breadth": 0.4438758303804784, "Dollar strength": 0.5640264275243726, "Yield curve inversion": 0.17529546299236246, "Debt ceiling stress": 0.07833391747706052, "Treasury volatility": 0.486833125007437, "Budget vote risk": 0.0}}