{"red": 1, "yellow": 4, "drawdown": false, "debt_ceiling_days": 176, "scores": {"Volatility expansion": 0.4895685340053999, "Options hedging stress": 0.0, "Credit stress": 0.14566399983457837, "Cross-asset confirmation": 0.5, "Volatility compression": 0.2806879214948947, "Credit complacency": 0.3518791497092486, "Breadth divergence": 0.2166381717360444, "Put/Call ratio": 0.28799797304075586, "Credit spread (HY-IG)": 0.006233383583514274, "Market breadth": 0.2166381717360444, "Dollar strength": 0.6880150618649719, "Yield curve inversion": 0.11557337472061767, "Debt ceiling stress": 0.18231866284608414, "Treasury volatility": 0.451468524321672, "Budget vote risk": 0.0}}