{"red": 1, "yellow": 3, "drawdown": false, "scores": {"Volatility expansion": 0.1432182114957641, "Options hedging stress": 0.058932783894103474, "Credit stress": 0.14243860263024102, "Cross-asset confirmation": 0.0, "Volatility compression": 0.1151468686873912, "Credit complacency": 0.38969565647361654, "Breadth divergence": 0.41334765672743906, "Put/Call ratio": 0.04803204774445508, "Credit spread (HY-IG)": 0.05216375959509173, "Market breadth": 0.41334765672743906, "Dollar strength": 0.6682833616460346, "Yield curve inversion": 0.18255588634335781}}