{"red": 1, "yellow": 2, "drawdown": false, "scores": {"Volatility expansion": 0.10075942775326646, "Options hedging stress": NaN, "Credit stress": 0.11515139070307234, "Cross-asset confirmation": 0.5, "Volatility compression": 0.03068791586083516, "Credit complacency": 0.378874360942067, "Breadth divergence": 0.2834592338538949, "Put/Call ratio": 0.04628166383109508, "Credit spread (HY-IG)": 0.03062919210339941, "Market breadth": 0.2834592338538949, "Dollar strength": 0.7440035748755226, "Yield curve inversion": 0.14033869538167545}}