{"red": 0, "yellow": 1, "drawdown": false, "scores": {"Volatility expansion": 0.2717502119023621, "Options hedging stress": NaN, "Credit stress": 0.16535709227426257, "Cross-asset confirmation": 0.0, "Volatility compression": 0.11775695066609367, "Credit complacency": 0.3727592191747682, "Breadth divergence": 0.0629576552782548, "Put/Call ratio": 0.0172718662496277, "Credit spread (HY-IG)": 0.06318608128387172, "Market breadth": 0.0629576552782548, "Dollar strength": 0.2749436440958571, "Yield curve inversion": 0.1122547207415485}}