{"red": 0, "yellow": 2, "drawdown": false, "debt_ceiling_days": 179, "scores": {"Volatility expansion": 0.03585476570501771, "Options hedging stress": 0.10777339368357497, "Credit stress": 0.040685291713383774, "Cross-asset confirmation": 0.0, "Volatility compression": 0.09944354441919058, "Credit complacency": 0.3634689695539602, "Breadth divergence": 0.28067430380062725, "Put/Call ratio": 0.07949433120368045, "Credit spread (HY-IG)": 0.24130048976840712, "Market breadth": 0.28067430380062725, "Dollar strength": 0.31582828713933936, "Yield curve inversion": 0.11492246527811027, "Debt ceiling stress": 0.2976976676227224, "Treasury volatility": 0.6589442412652993, "Budget vote risk": 0.0}}