{"red": 0, "yellow": 5, "drawdown": false, "debt_ceiling_days": 181, "scores": {"Volatility expansion": 0.1707561888847066, "Options hedging stress": 0.04979436712295656, "Credit stress": 0.20950982584261066, "Cross-asset confirmation": 0.0, "Volatility compression": 0.045690182832078874, "Credit complacency": 0.3686546694398729, "Breadth divergence": 0.5373983399609835, "Put/Call ratio": 0.07770485679126136, "Credit spread (HY-IG)": 0.2880221725463333, "Market breadth": 0.5373983399609835, "Dollar strength": 0.1566072993600169, "Yield curve inversion": 0.2495031354826338, "Debt ceiling stress": 0.39048949581025744, "Treasury volatility": 0.5195115170442867, "Budget vote risk": 0.0}}