{"red": 4, "yellow": 3, "drawdown": false, "debt_ceiling_days": 174, "scores": {"Volatility expansion": 0.32088275762356583, "Options hedging stress": 0.9637427075475878, "Credit stress": 0.4277009811587921, "Cross-asset confirmation": 0.0, "Volatility compression": 0.39051299345839324, "Credit complacency": 0.31822263754326957, "Breadth divergence": 0.683108737513279, "Put/Call ratio": 0.7704987858484671, "Credit spread (HY-IG)": 0.39792879121085645, "Market breadth": 0.683108737513279, "Dollar strength": 0.32463213262208807, "Yield curve inversion": 0.010087948008019446, "Debt ceiling stress": 0.21013284550573216, "Treasury volatility": 0.1351017148297378, "Budget vote risk": 0.0}}