{"red": 1, "yellow": 2, "drawdown": false, "scores": {"Volatility expansion": 0.05567060680453676, "Options hedging stress": NaN, "Credit stress": 0.11275339104592257, "Cross-asset confirmation": 0.5, "Volatility compression": 0.07021444785261836, "Credit complacency": 0.38366981287113644, "Breadth divergence": 0.09961822618852245, "Put/Call ratio": 0.02562897110173304, "Credit spread (HY-IG)": 0.12323941105518306, "Market breadth": 0.09961822618852245, "Dollar strength": 0.9420907862581971, "Yield curve inversion": 0.23249056591265918}}