{"red": 0, "yellow": 5, "drawdown": false, "debt_ceiling_days": 181, "scores": {"Volatility expansion": 0.1707561888847066, "Options hedging stress": 0.04979436712295656, "Credit stress": 0.20951046680404692, "Cross-asset confirmation": 0.0, "Volatility compression": 0.045690182832078874, "Credit complacency": 0.3686563930912679, "Breadth divergence": 0.5373983399609835, "Put/Call ratio": 0.07770485679126136, "Credit spread (HY-IG)": 0.28802039365545207, "Market breadth": 0.5373983399609835, "Dollar strength": 0.1566072993600169, "Yield curve inversion": 0.2495007390527865, "Debt ceiling stress": 0.3904898902112624, "Treasury volatility": 0.5195173465980679, "Budget vote risk": 0.0}}