{"red": 1, "yellow": 1, "drawdown": false, "scores": {"Volatility expansion": 0.048023150746921206, "Options hedging stress": NaN, "Credit stress": 0.29944172903515337, "Cross-asset confirmation": 0.0, "Volatility compression": 0.04533478641908881, "Credit complacency": 0.39448258569887235, "Breadth divergence": 0.8960151486358643}}