{"red": 4, "yellow": 7, "drawdown": false, "debt_ceiling_days": 176, "scores": {"Volatility expansion": 0.6194070221044973, "Options hedging stress": 0.4957089416063591, "Credit stress": 0.7339206523281104, "Cross-asset confirmation": 0.5, "Volatility compression": 0.37690740608189377, "Credit complacency": 0.33385516486343053, "Breadth divergence": 0.025714006699772224, "Put/Call ratio": 0.4606140146474084, "Credit spread (HY-IG)": 0.7935885239340991, "Market breadth": 0.041203835743535734, "Dollar strength": 0.6744217542386582, "Yield curve inversion": 0.5189943760128525, "Debt ceiling stress": 0.7268060686851651, "Treasury volatility": 0.2432958154068411, "Budget vote risk": 0.0}}