{"red": 0, "yellow": 6, "drawdown": false, "debt_ceiling_days": 175, "scores": {"Volatility expansion": 0.01810088839148868, "Options hedging stress": 0.0905124730932532, "Credit stress": 0.46002536814239664, "Cross-asset confirmation": 0.0, "Volatility compression": 0.11947111037979863, "Credit complacency": 0.3195684321835917, "Breadth divergence": 0.6519657738382089, "Put/Call ratio": 0.13600015990402772, "Credit spread (HY-IG)": 0.4850677790683257, "Market breadth": 0.6525645244725361, "Dollar strength": 0.3376346469353431, "Yield curve inversion": 0.15774153013237563, "Debt ceiling stress": 0.3889167139956826, "Treasury volatility": 0.10958959242031772, "Budget vote risk": 0.0}}