{"red": 1, "yellow": 3, "drawdown": false, "scores": {"Volatility expansion": 0.05818747749175704, "Options hedging stress": NaN, "Credit stress": 0.14243846491410792, "Cross-asset confirmation": 0.0, "Volatility compression": 0.12426922658468566, "Credit complacency": 0.3896965287642438, "Breadth divergence": 0.41334765672743906, "Put/Call ratio": 0.04803204774445508, "Credit spread (HY-IG)": 0.052163753880950035, "Market breadth": 0.41334765672743906, "Dollar strength": 0.8600854752714037, "Yield curve inversion": 0.1825554289364261}}