{"red": 0, "yellow": 9, "drawdown": false, "debt_ceiling_days": 177, "scores": {"Volatility expansion": 0.308394209784522, "Options hedging stress": 0.40097534215904834, "Credit stress": 0.3366190471192317, "Cross-asset confirmation": 0.5, "Volatility compression": 0.2935781239165041, "Credit complacency": 0.35154781980091165, "Breadth divergence": 0.44362509374732007, "Put/Call ratio": 0.38535187693300127, "Credit spread (HY-IG)": 0.10214943612036746, "Market breadth": 0.4411759447871806, "Dollar strength": 0.5698843454480159, "Yield curve inversion": 0.009339422908562538, "Debt ceiling stress": 0.17859378980176352, "Treasury volatility": 0.4598589412366267, "Budget vote risk": 0.0}}